"feature.name","database.ID","database","database.version"
"eukaryotic translation initiation factor 4E binding protein 1","4EBP1_HUMAN","https://www.uniprot.org/uniprotkb/","UniProtKB/Swiss-Prot Release 2022_03"
"adenosine deaminase","ADA_HUMAN","https://www.uniprot.org/uniprotkb/","UniProtKB/Swiss-Prot Release 2022_03"
"adrenomedullin","ADML_HUMAN","https://www.uniprot.org/uniprotkb/","UniProtKB/Swiss-Prot Release 2022_03"
"anterior gradient 2","AGR3_HUMAN","https://www.uniprot.org/uniprotkb/","UniProtKB/Swiss-Prot Release 2022_03"
"egf-like module containing mucin-like hormone receptor-like 2","AGRE2_HUMAN","https://www.uniprot.org/uniprotkb/","UniProtKB/Swiss-Prot Release 2022_03"
"G protein-coupled receptor 56","AGRG1_HUMAN","https://www.uniprot.org/uniprotkb/","UniProtKB/Swiss-Prot Release 2022_03"
"G protein-coupled receptor 64","AGRG2_HUMAN","https://www.uniprot.org/uniprotkb/","UniProtKB/Swiss-Prot Release 2022_03"
"angiopoietin-like 7","ANGL7_HUMAN","https://www.uniprot.org/uniprotkb/","UniProtKB/Swiss-Prot Release 2022_03"
"angiopoietin 1","ANGP1_HUMAN","https://www.uniprot.org/uniprotkb/","UniProtKB/Swiss-Prot Release 2022_03"
"angiopoietin 2","ANGP2_HUMAN","https://www.uniprot.org/uniprotkb/","UniProtKB/Swiss-Prot Release 2022_03"
"annexin A11","ANX11_HUMAN","https://www.uniprot.org/uniprotkb/","UniProtKB/Swiss-Prot Release 2022_03"
"annexin A4","ANXA4_HUMAN","https://www.uniprot.org/uniprotkb/","UniProtKB/Swiss-Prot Release 2022_03"
"amyloid beta (A4) precursor-like protein 1","APLP1_HUMAN","https://www.uniprot.org/uniprotkb/","UniProtKB/Swiss-Prot Release 2022_03"
"arginase 1","ARGI1_HUMAN","https://www.uniprot.org/uniprotkb/","UniProtKB/Swiss-Prot Release 2022_03"
"chemokine (C-C motif) ligand 4","ARGI2_HUMAN","https://www.uniprot.org/uniprotkb/","UniProtKB/Swiss-Prot Release 2022_03"
"aryl hydrocarbon receptor nuclear translocator","ARNT2_HUMAN","https://www.uniprot.org/uniprotkb/","UniProtKB/Swiss-Prot Release 2022_03"
"artemin","ARTN_HUMAN","https://www.uniprot.org/uniprotkb/","UniProtKB/Swiss-Prot Release 2022_03"
"ADAM metallopeptidase with thrombospondin type 1 motif 13","ATS13_HUMAN","https://www.uniprot.org/uniprotkb/","UniProtKB/Swiss-Prot Release 2022_03"
"axin 1","AXIN1_HUMAN","https://www.uniprot.org/uniprotkb/","UniProtKB/Swiss-Prot Release 2022_03"
"BCL2-associated athanogene 6","BAG6_HUMAN","https://www.uniprot.org/uniprotkb/","UniProtKB/Swiss-Prot Release 2022_03"
"BMP and activin membrane-bound inhibitor","BAMBI_HUMAN","https://www.uniprot.org/uniprotkb/","UniProtKB/Swiss-Prot Release 2022_03"
"BH3 interacting domain death agonist","BID_HUMAN","https://www.uniprot.org/uniprotkb/","UniProtKB/Swiss-Prot Release 2022_03"
"bone morphogenetic protein 6","BMP6_HUMAN","https://www.uniprot.org/uniprotkb/","UniProtKB/Swiss-Prot Release 2022_03"
"butyrophilin subfamily 3 member A2","BT3A2_HUMAN","https://www.uniprot.org/uniprotkb/","UniProtKB/Swiss-Prot Release 2022_03"
"betacellulin","BTC_HUMAN","https://www.uniprot.org/uniprotkb/","UniProtKB/Swiss-Prot Release 2022_03"
"carbonic anhydrase XII","CAH12_HUMAN","https://www.uniprot.org/uniprotkb/","UniProtKB/Swiss-Prot Release 2022_03"
"carbonic anhydrase XIII","CAH13_HUMAN","https://www.uniprot.org/uniprotkb/","UniProtKB/Swiss-Prot Release 2022_03"
"carbonic anhydrase XIV","CAH14_HUMAN","https://www.uniprot.org/uniprotkb/","UniProtKB/Swiss-Prot Release 2022_03"
"calreticulin","CALR3_HUMAN","https://www.uniprot.org/uniprotkb/","UniProtKB/Swiss-Prot Release 2022_03"
"calcium activated nucleotidase 1","CANT1_HUMAN","https://www.uniprot.org/uniprotkb/","UniProtKB/Swiss-Prot Release 2022_03"
"cathepsin H","CATH_HUMAN","https://www.uniprot.org/uniprotkb/","UniProtKB/Swiss-Prot Release 2022_03"
"cathepsin L","CATL1_HUMAN","https://www.uniprot.org/uniprotkb/","UniProtKB/Swiss-Prot Release 2022_03"
"cathepsin O","CATO_HUMAN","https://www.uniprot.org/uniprotkb/","UniProtKB/Swiss-Prot Release 2022_03"
"chemokine (C-C motif) ligand 7","CCR1_HUMAN","https://www.uniprot.org/uniprotkb/","UniProtKB/Swiss-Prot Release 2022_03"
"chemokine (C-C motif) ligand 19","CCR7_HUMAN","https://www.uniprot.org/uniprotkb/","UniProtKB/Swiss-Prot Release 2022_03"
"CD2-associated protein","CD2AP_HUMAN","https://www.uniprot.org/uniprotkb/","UniProtKB/Swiss-Prot Release 2022_03"
"CD4 molecule","CD4_HUMAN","https://www.uniprot.org/uniprotkb/","UniProtKB/Swiss-Prot Release 2022_03"
"CD40 ligand","CD40L_HUMAN","https://www.uniprot.org/uniprotkb/","UniProtKB/Swiss-Prot Release 2022_03"
"CUB domain containing protein 1","CDCP1_HUMAN","https://www.uniprot.org/uniprotkb/","UniProtKB/Swiss-Prot Release 2022_03"
"cadherin-related family member 5","CDHR5_HUMAN","https://www.uniprot.org/uniprotkb/","UniProtKB/Swiss-Prot Release 2022_03"
"corneodesmosin","CDSN_HUMAN","https://www.uniprot.org/uniprotkb/","UniProtKB/Swiss-Prot Release 2022_03"
"carcinoembryonic antigen-related cell adhesion molecule 8","CEAM8_HUMAN","https://www.uniprot.org/uniprotkb/","UniProtKB/Swiss-Prot Release 2022_03"
"cytoskeleton-associated protein 4","CKAP4_HUMAN","https://www.uniprot.org/uniprotkb/","UniProtKB/Swiss-Prot Release 2022_03"
"C-type lectin domain family 1 member A","CLC1A_HUMAN","https://www.uniprot.org/uniprotkb/","UniProtKB/Swiss-Prot Release 2022_03"
"C-type lectin domain family 4 member A","CLC4A_HUMAN","https://www.uniprot.org/uniprotkb/","UniProtKB/Swiss-Prot Release 2022_03"
"C-type lectin domain family 4 member C","CLC4C_HUMAN","https://www.uniprot.org/uniprotkb/","UniProtKB/Swiss-Prot Release 2022_03"
"C-type lectin domain family 4 member D","CLC4D_HUMAN","https://www.uniprot.org/uniprotkb/","UniProtKB/Swiss-Prot Release 2022_03"
"C-type lectin domain family 4 member G","CLC4G_HUMAN","https://www.uniprot.org/uniprotkb/","UniProtKB/Swiss-Prot Release 2022_03"
"C-type lectin domain family 5 member A","CLC5A_HUMAN","https://www.uniprot.org/uniprotkb/","UniProtKB/Swiss-Prot Release 2022_03"
"C-type lectin domain family 6 member A","CLC6A_HUMAN","https://www.uniprot.org/uniprotkb/","UniProtKB/Swiss-Prot Release 2022_03"
"C-type lectin domain family 7 member A","CLC7A_HUMAN","https://www.uniprot.org/uniprotkb/","UniProtKB/Swiss-Prot Release 2022_03"
"CXADR-like membrane protein","CLMP_HUMAN","https://www.uniprot.org/uniprotkb/","UniProtKB/Swiss-Prot Release 2022_03"
"claspin","CLSPN_HUMAN","https://www.uniprot.org/uniprotkb/","UniProtKB/Swiss-Prot Release 2022_03"
"contactin associated protein-like 2","CNTP2_HUMAN","https://www.uniprot.org/uniprotkb/","UniProtKB/Swiss-Prot Release 2022_03"
"catechol-O-methyltransferase","COMT_HUMAN","https://www.uniprot.org/uniprotkb/","UniProtKB/Swiss-Prot Release 2022_03"
"chordin-like 2","CRDL2_HUMAN","https://www.uniprot.org/uniprotkb/","UniProtKB/Swiss-Prot Release 2022_03"
"corticotropin releasing hormone","CRF_HUMAN","https://www.uniprot.org/uniprotkb/","UniProtKB/Swiss-Prot Release 2022_03"
"versican","CSPG2_HUMAN","https://www.uniprot.org/uniprotkb/","UniProtKB/Swiss-Prot Release 2022_03"
"calsyntenin 2","CSTN2_HUMAN","https://www.uniprot.org/uniprotkb/","UniProtKB/Swiss-Prot Release 2022_03"
"interleukin 8","CXCR1_HUMAN","https://www.uniprot.org/uniprotkb/","UniProtKB/Swiss-Prot Release 2022_03"
"cystatin D","CYTD_HUMAN","https://www.uniprot.org/uniprotkb/","UniProtKB/Swiss-Prot Release 2022_03"
"diablo IAP-binding mitochondrial protein","DBLOH_HUMAN","https://www.uniprot.org/uniprotkb/","UniProtKB/Swiss-Prot Release 2022_03"
"dynactin 1","DCTN1_HUMAN","https://www.uniprot.org/uniprotkb/","UniProtKB/Swiss-Prot Release 2022_03"
"diacylglycerol kinase zeta","DGKZ_HUMAN","https://www.uniprot.org/uniprotkb/","UniProtKB/Swiss-Prot Release 2022_03"
"hydroxysteroid (11-beta) dehydrogenase 1","DHI1L_HUMAN","https://www.uniprot.org/uniprotkb/","UniProtKB/Swiss-Prot Release 2022_03"
"quinoid dihydropteridine reductase","DHPR_HUMAN","https://www.uniprot.org/uniprotkb/","UniProtKB/Swiss-Prot Release 2022_03"
"dipeptidyl-peptidase 7","DPP2_HUMAN","https://www.uniprot.org/uniprotkb/","UniProtKB/Swiss-Prot Release 2022_03"
"dipeptidyl-peptidase 6","DPP6_HUMAN","https://www.uniprot.org/uniprotkb/","UniProtKB/Swiss-Prot Release 2022_03"
"desmoglein 4","DSG4_HUMAN","https://www.uniprot.org/uniprotkb/","UniProtKB/Swiss-Prot Release 2022_03"
"ectodysplasin A receptor","EDAD_HUMAN","https://www.uniprot.org/uniprotkb/","UniProtKB/Swiss-Prot Release 2022_03"
"transmembrane protease serine 15","ENTK_HUMAN","https://www.uniprot.org/uniprotkb/","UniProtKB/Swiss-Prot Release 2022_03"
"ectonucleoside triphosphate diphosphohydrolase 2","ENTP2_HUMAN","https://www.uniprot.org/uniprotkb/","UniProtKB/Swiss-Prot Release 2022_03"
"ectonucleoside triphosphate diphosphohydrolase 5","ENTP5_HUMAN","https://www.uniprot.org/uniprotkb/","UniProtKB/Swiss-Prot Release 2022_03"
"erythropoietin","EPO_HUMAN","https://www.uniprot.org/uniprotkb/","UniProtKB/Swiss-Prot Release 2022_03"
"erbb2 interacting protein","ERBIN_HUMAN","https://www.uniprot.org/uniprotkb/","UniProtKB/Swiss-Prot Release 2022_03"
"carboxylesterase 2","EST2_HUMAN","https://www.uniprot.org/uniprotkb/","UniProtKB/Swiss-Prot Release 2022_03"
"fructose-1-6-bisphosphatase 1","F16P1_HUMAN","https://www.uniprot.org/uniprotkb/","UniProtKB/Swiss-Prot Release 2022_03"
"Fc receptor-like 3","FCRL3_HUMAN","https://www.uniprot.org/uniprotkb/","UniProtKB/Swiss-Prot Release 2022_03"
"feline sarcoma oncogene","FES_HUMAN","https://www.uniprot.org/uniprotkb/","UniProtKB/Swiss-Prot Release 2022_03"
"fibroblast growth factor 19","FGF19_HUMAN","https://www.uniprot.org/uniprotkb/","UniProtKB/Swiss-Prot Release 2022_03"
"fibroblast growth factor 21","FGF21_HUMAN","https://www.uniprot.org/uniprotkb/","UniProtKB/Swiss-Prot Release 2022_03"
"fibroblast growth factor 21","FGF21_HUMAN","https://www.uniprot.org/uniprotkb/","UniProtKB/Swiss-Prot Release 2022_03"
"fibroblast growth factor 23","FGF23_HUMAN","https://www.uniprot.org/uniprotkb/","UniProtKB/Swiss-Prot Release 2022_03"
"fibroblast growth factor 23","FGF23_HUMAN","https://www.uniprot.org/uniprotkb/","UniProtKB/Swiss-Prot Release 2022_03"
"fibroblast growth factor 5","FGF5_HUMAN","https://www.uniprot.org/uniprotkb/","UniProtKB/Swiss-Prot Release 2022_03"
"fms-related tyrosine kinase 3 ligand","FLT3L_HUMAN","https://www.uniprot.org/uniprotkb/","UniProtKB/Swiss-Prot Release 2022_03"
"follistatin","FSTL3_HUMAN","https://www.uniprot.org/uniprotkb/","UniProtKB/Swiss-Prot Release 2022_03"
"FXYD domain containing ion transport regulator 5","FXYD5_HUMAN","https://www.uniprot.org/uniprotkb/","UniProtKB/Swiss-Prot Release 2022_03"
"UDP-N-acetyl-alpha-D-galactosamine:polypeptide N-acetylgalactosaminyltransferase 3 (GalNAc-T3)","GALT3_HUMAN","https://www.uniprot.org/uniprotkb/","UniProtKB/Swiss-Prot Release 2022_03"
"placental growth factor","GCM1_HUMAN","https://www.uniprot.org/uniprotkb/","UniProtKB/Swiss-Prot Release 2022_03"
"placental growth factor","GCM1_HUMAN","https://www.uniprot.org/uniprotkb/","UniProtKB/Swiss-Prot Release 2022_03"
"growth differentiation factor 2","GDF2_HUMAN","https://www.uniprot.org/uniprotkb/","UniProtKB/Swiss-Prot Release 2022_03"
"glial cell derived neurotrophic factor","GFRAL_HUMAN","https://www.uniprot.org/uniprotkb/","UniProtKB/Swiss-Prot Release 2022_03"
"glutaredoxin (thioltransferase)","GLRX2_HUMAN","https://www.uniprot.org/uniprotkb/","UniProtKB/Swiss-Prot Release 2022_03"
"hepatitis A virus cellular receptor 1","HAVR1_HUMAN","https://www.uniprot.org/uniprotkb/","UniProtKB/Swiss-Prot Release 2022_03"
"hepatitis A virus cellular receptor 1","HAVR1_HUMAN","https://www.uniprot.org/uniprotkb/","UniProtKB/Swiss-Prot Release 2022_03"
"heparin-binding EGF-like growth factor","HBEGF_HUMAN","https://www.uniprot.org/uniprotkb/","UniProtKB/Swiss-Prot Release 2022_03"
"hematopoietic cell-specific Lyn substrate 1","HCLS1_HUMAN","https://www.uniprot.org/uniprotkb/","UniProtKB/Swiss-Prot Release 2022_03"
"hepatoma-derived growth factor","HDGR3_HUMAN","https://www.uniprot.org/uniprotkb/","UniProtKB/Swiss-Prot Release 2022_03"
"histamine N-methyltransferase","HNMT_HUMAN","https://www.uniprot.org/uniprotkb/","UniProtKB/Swiss-Prot Release 2022_03"
"hematopoietic prostaglandin D synthase","HPGDS_HUMAN","https://www.uniprot.org/uniprotkb/","UniProtKB/Swiss-Prot Release 2022_03"
"interleukin 12 receptor beta 1","I12R1_HUMAN","https://www.uniprot.org/uniprotkb/","UniProtKB/Swiss-Prot Release 2022_03"
"interleukin 15 receptor alpha","I15RA_HUMAN","https://www.uniprot.org/uniprotkb/","UniProtKB/Swiss-Prot Release 2022_03"
"insulin-like growth factor binding protein-like 1","IBPL1_HUMAN","https://www.uniprot.org/uniprotkb/","UniProtKB/Swiss-Prot Release 2022_03"
"eukaryotic translation initiation factor 4 gamma 1","IF4G1_HUMAN","https://www.uniprot.org/uniprotkb/","UniProtKB/Swiss-Prot Release 2022_03"
"eukaryotic translation initiation factor 5A","IF5A2_HUMAN","https://www.uniprot.org/uniprotkb/","UniProtKB/Swiss-Prot Release 2022_03"
"interleukin 10","IL10_HUMAN","https://www.uniprot.org/uniprotkb/","UniProtKB/Swiss-Prot Release 2022_03"
"interleukin 10","IL10_HUMAN","https://www.uniprot.org/uniprotkb/","UniProtKB/Swiss-Prot Release 2022_03"
"interleukin 13","IL13_HUMAN","https://www.uniprot.org/uniprotkb/","UniProtKB/Swiss-Prot Release 2022_03"
"interleukin 16","IL16_HUMAN","https://www.uniprot.org/uniprotkb/","UniProtKB/Swiss-Prot Release 2022_03"
"interleukin 17A","IL17_HUMAN","https://www.uniprot.org/uniprotkb/","UniProtKB/Swiss-Prot Release 2022_03"
"interleukin 17C","IL17C_HUMAN","https://www.uniprot.org/uniprotkb/","UniProtKB/Swiss-Prot Release 2022_03"
"interleukin 17D","IL17D_HUMAN","https://www.uniprot.org/uniprotkb/","UniProtKB/Swiss-Prot Release 2022_03"
"interleukin 18 receptor 1","IL18R_HUMAN","https://www.uniprot.org/uniprotkb/","UniProtKB/Swiss-Prot Release 2022_03"
"interleukin 1 alpha","IL1A_HUMAN","https://www.uniprot.org/uniprotkb/","UniProtKB/Swiss-Prot Release 2022_03"
"interleukin 1 receptor antagonist","IL1RA_HUMAN","https://www.uniprot.org/uniprotkb/","UniProtKB/Swiss-Prot Release 2022_03"
"interleukin 2","IL2_HUMAN","https://www.uniprot.org/uniprotkb/","UniProtKB/Swiss-Prot Release 2022_03"
"interleukin 20","IL20_HUMAN","https://www.uniprot.org/uniprotkb/","UniProtKB/Swiss-Prot Release 2022_03"
"interleukin 24","IL24_HUMAN","https://www.uniprot.org/uniprotkb/","UniProtKB/Swiss-Prot Release 2022_03"
"interleukin 2 receptor beta","IL2RB_HUMAN","https://www.uniprot.org/uniprotkb/","UniProtKB/Swiss-Prot Release 2022_03"
"interleukin 33","IL33_HUMAN","https://www.uniprot.org/uniprotkb/","UniProtKB/Swiss-Prot Release 2022_03"
"interleukin 4","IL4_HUMAN","https://www.uniprot.org/uniprotkb/","UniProtKB/Swiss-Prot Release 2022_03"
"interleukin 4 receptor","IL4RA_HUMAN","https://www.uniprot.org/uniprotkb/","UniProtKB/Swiss-Prot Release 2022_03"
"interleukin 7","IL7_HUMAN","https://www.uniprot.org/uniprotkb/","UniProtKB/Swiss-Prot Release 2022_03"
"interleukin 1 receptor-like 2","ILRL2_HUMAN","https://www.uniprot.org/uniprotkb/","UniProtKB/Swiss-Prot Release 2022_03"
"interferon gamma","INGR2_HUMAN","https://www.uniprot.org/uniprotkb/","UniProtKB/Swiss-Prot Release 2022_03"
"interferon lambda receptor 1","INLR1_HUMAN","https://www.uniprot.org/uniprotkb/","UniProtKB/Swiss-Prot Release 2022_03"
"interleukin-1 receptor-associated kinase 1","IRAK1_HUMAN","https://www.uniprot.org/uniprotkb/","UniProtKB/Swiss-Prot Release 2022_03"
"interleukin-1 receptor-associated kinase 4","IRAK4_HUMAN","https://www.uniprot.org/uniprotkb/","UniProtKB/Swiss-Prot Release 2022_03"
"interferon regulatory factor 9","IRF9_HUMAN","https://www.uniprot.org/uniprotkb/","UniProtKB/Swiss-Prot Release 2022_03"
"integrin alpha 11","ITA11_HUMAN","https://www.uniprot.org/uniprotkb/","UniProtKB/Swiss-Prot Release 2022_03"
"integrin alpha 6","ITA6_HUMAN","https://www.uniprot.org/uniprotkb/","UniProtKB/Swiss-Prot Release 2022_03"
"integrin beta 6","ITB6_HUMAN","https://www.uniprot.org/uniprotkb/","UniProtKB/Swiss-Prot Release 2022_03"
"integrin beta 7","ITB7_HUMAN","https://www.uniprot.org/uniprotkb/","UniProtKB/Swiss-Prot Release 2022_03"
"integrin beta 1 binding protein 1","ITBP1_HUMAN","https://www.uniprot.org/uniprotkb/","UniProtKB/Swiss-Prot Release 2022_03"
"integral membrane protein 2A","ITM2A_HUMAN","https://www.uniprot.org/uniprotkb/","UniProtKB/Swiss-Prot Release 2022_03"
"keratin 19","K1C19_HUMAN","https://www.uniprot.org/uniprotkb/","UniProtKB/Swiss-Prot Release 2022_03"
"casein kinase 1 delta","KC1D_HUMAN","https://www.uniprot.org/uniprotkb/","UniProtKB/Swiss-Prot Release 2022_03"
"mevalonate kinase","KIME_HUMAN","https://www.uniprot.org/uniprotkb/","UniProtKB/Swiss-Prot Release 2022_03"
"killer cell lectin-like receptor subfamily D member 1","KLRD1_HUMAN","https://www.uniprot.org/uniprotkb/","UniProtKB/Swiss-Prot Release 2022_03"
"protein kinase C theta","KPCT_HUMAN","https://www.uniprot.org/uniprotkb/","UniProtKB/Swiss-Prot Release 2022_03"
"lymphocyte-activation gene 3","LAG3_HUMAN","https://www.uniprot.org/uniprotkb/","UniProtKB/Swiss-Prot Release 2022_03"
"lysosomal-associated membrane protein 3","LAMP3_HUMAN","https://www.uniprot.org/uniprotkb/","UniProtKB/Swiss-Prot Release 2022_03"
"leptin","LEP_HUMAN","https://www.uniprot.org/uniprotkb/","UniProtKB/Swiss-Prot Release 2022_03"
"glyoxalase I","LGUL_HUMAN","https://www.uniprot.org/uniprotkb/","UniProtKB/Swiss-Prot Release 2022_03"
"leukemia inhibitory factor","LIFR_HUMAN","https://www.uniprot.org/uniprotkb/","UniProtKB/Swiss-Prot Release 2022_03"
"lipoprotein lipase","LIPL_HUMAN","https://www.uniprot.org/uniprotkb/","UniProtKB/Swiss-Prot Release 2022_03"
"leukotriene A4 hydrolase","LKHA4_HUMAN","https://www.uniprot.org/uniprotkb/","UniProtKB/Swiss-Prot Release 2022_03"
"low density lipoprotein receptor-related protein 1","LRP1_HUMAN","https://www.uniprot.org/uniprotkb/","UniProtKB/Swiss-Prot Release 2022_03"
"low density lipoprotein receptor-related protein 11","LRP11_HUMAN","https://www.uniprot.org/uniprotkb/","UniProtKB/Swiss-Prot Release 2022_03"
"lymphocyte antigen 75","LY75_HUMAN","https://www.uniprot.org/uniprotkb/","UniProtKB/Swiss-Prot Release 2022_03"
"mitogen-activated protein kinase kinase kinase kinase 5","M4K5_HUMAN","https://www.uniprot.org/uniprotkb/","UniProtKB/Swiss-Prot Release 2022_03"
"macrophage erythroblast attacher","MAEA_HUMAN","https://www.uniprot.org/uniprotkb/","UniProtKB/Swiss-Prot Release 2022_03"
"macrophage receptor with collagenous structure","MARCO_HUMAN","https://www.uniprot.org/uniprotkb/","UniProtKB/Swiss-Prot Release 2022_03"
"serine/threonine kinase 4","MAST4_HUMAN","https://www.uniprot.org/uniprotkb/","UniProtKB/Swiss-Prot Release 2022_03"
"MYC associated factor X","MAX_HUMAN","https://www.uniprot.org/uniprotkb/","UniProtKB/Swiss-Prot Release 2022_03"
"mast cell immunoglobulin-like receptor 1","MILR1_HUMAN","https://www.uniprot.org/uniprotkb/","UniProtKB/Swiss-Prot Release 2022_03"
"NAD kinase","NADK_HUMAN","https://www.uniprot.org/uniprotkb/","UniProtKB/Swiss-Prot Release 2022_03"
"nibrin","NBN_HUMAN","https://www.uniprot.org/uniprotkb/","UniProtKB/Swiss-Prot Release 2022_03"
"neutrophil cytosolic factor 2","NCF2_HUMAN","https://www.uniprot.org/uniprotkb/","UniProtKB/Swiss-Prot Release 2022_03"
"natural cytotoxicity triggering receptor 1","NCTR1_HUMAN","https://www.uniprot.org/uniprotkb/","UniProtKB/Swiss-Prot Release 2022_03"
"protein phosphatase 1 regulatory subunit 9B","NEB2_HUMAN","https://www.uniprot.org/uniprotkb/","UniProtKB/Swiss-Prot Release 2022_03"
"inhibitor of kappa light polypeptide gene enhancer in B-cells kinase gamma","NEMO_HUMAN","https://www.uniprot.org/uniprotkb/","UniProtKB/Swiss-Prot Release 2022_03"
"NODAL modulator 1","NOMO1_HUMAN","https://www.uniprot.org/uniprotkb/","UniProtKB/Swiss-Prot Release 2022_03"
"neuronal pentraxin receptor","NPTXR_HUMAN","https://www.uniprot.org/uniprotkb/","UniProtKB/Swiss-Prot Release 2022_03"
"neurturin","NRTN_HUMAN","https://www.uniprot.org/uniprotkb/","UniProtKB/Swiss-Prot Release 2022_03"
"linker for activation of T cells family member 2","NTAL_HUMAN","https://www.uniprot.org/uniprotkb/","UniProtKB/Swiss-Prot Release 2022_03"
"neurotrophin 3","NTF3_HUMAN","https://www.uniprot.org/uniprotkb/","UniProtKB/Swiss-Prot Release 2022_03"
"neurotrophin 4","NTF4_HUMAN","https://www.uniprot.org/uniprotkb/","UniProtKB/Swiss-Prot Release 2022_03"
"negative regulator of ubiquitin-like proteins 1","NUB1_HUMAN","https://www.uniprot.org/uniprotkb/","UniProtKB/Swiss-Prot Release 2022_03"
"nucleobindin 2","NUCB2_HUMAN","https://www.uniprot.org/uniprotkb/","UniProtKB/Swiss-Prot Release 2022_03"
"chemokine (C-X-C motif) ligand 9","OAS3_HUMAN","https://www.uniprot.org/uniprotkb/","UniProtKB/Swiss-Prot Release 2022_03"
"oncostatin M","ONCM_HUMAN","https://www.uniprot.org/uniprotkb/","UniProtKB/Swiss-Prot Release 2022_03"
"osteoclast associated immunoglobulin-like receptor","OSCAR_HUMAN","https://www.uniprot.org/uniprotkb/","UniProtKB/Swiss-Prot Release 2022_03"
"poly (ADP-ribose) polymerase 1","PARP1_HUMAN","https://www.uniprot.org/uniprotkb/","UniProtKB/Swiss-Prot Release 2022_03"
"paxillin","PAXI_HUMAN","https://www.uniprot.org/uniprotkb/","UniProtKB/Swiss-Prot Release 2022_03"
"programmed cell death 1","PD1L1_HUMAN","https://www.uniprot.org/uniprotkb/","UniProtKB/Swiss-Prot Release 2022_03"
"programmed cell death 1 ligand 2","PD1L2_HUMAN","https://www.uniprot.org/uniprotkb/","UniProtKB/Swiss-Prot Release 2022_03"
"platelet-derived growth factor beta polypeptide","PDGFB_HUMAN","https://www.uniprot.org/uniprotkb/","UniProtKB/Swiss-Prot Release 2022_03"
"platelet derived growth factor C","PDGFC_HUMAN","https://www.uniprot.org/uniprotkb/","UniProtKB/Swiss-Prot Release 2022_03"
"decorin","PGS2_HUMAN","https://www.uniprot.org/uniprotkb/","UniProtKB/Swiss-Prot Release 2022_03"
"polymeric immunoglobulin receptor","PIGR_HUMAN","https://www.uniprot.org/uniprotkb/","UniProtKB/Swiss-Prot Release 2022_03"
"perilipin 1","PLIN1_HUMAN","https://www.uniprot.org/uniprotkb/","UniProtKB/Swiss-Prot Release 2022_03"
"plexin A4","PLXA4_HUMAN","https://www.uniprot.org/uniprotkb/","UniProtKB/Swiss-Prot Release 2022_03"
"paraoxonase 2","PON2_HUMAN","https://www.uniprot.org/uniprotkb/","UniProtKB/Swiss-Prot Release 2022_03"
"peroxiredoxin 1","PRDX1_HUMAN","https://www.uniprot.org/uniprotkb/","UniProtKB/Swiss-Prot Release 2022_03"
"peroxiredoxin 3","PRDX3_HUMAN","https://www.uniprot.org/uniprotkb/","UniProtKB/Swiss-Prot Release 2022_03"
"peroxiredoxin 5","PRDX5_HUMAN","https://www.uniprot.org/uniprotkb/","UniProtKB/Swiss-Prot Release 2022_03"
"proline/arginine-rich end leucine-rich repeat protein","PRELP_HUMAN","https://www.uniprot.org/uniprotkb/","UniProtKB/Swiss-Prot Release 2022_03"
"protein kinase interferon-inducible double stranded RNA dependent activator","PRKRA_HUMAN","https://www.uniprot.org/uniprotkb/","UniProtKB/Swiss-Prot Release 2022_03"
"parvalbumin","PRVA_HUMAN","https://www.uniprot.org/uniprotkb/","UniProtKB/Swiss-Prot Release 2022_03"
"parathyroid hormone 1 receptor","PTH1R_HUMAN","https://www.uniprot.org/uniprotkb/","UniProtKB/Swiss-Prot Release 2022_03"
"protein tyrosine kinase 7","PTK7_HUMAN","https://www.uniprot.org/uniprotkb/","UniProtKB/Swiss-Prot Release 2022_03"
"pleiotrophin","PTN_HUMAN","https://www.uniprot.org/uniprotkb/","UniProtKB/Swiss-Prot Release 2022_03"
"protein tyrosine phosphatase receptor type J","PTPRJ_HUMAN","https://www.uniprot.org/uniprotkb/","UniProtKB/Swiss-Prot Release 2022_03"
"advanced glycosylation end product-specific receptor","RAGE_HUMAN","https://www.uniprot.org/uniprotkb/","UniProtKB/Swiss-Prot Release 2022_03"
"REST corepressor 1","RCOR1_HUMAN","https://www.uniprot.org/uniprotkb/","UniProtKB/Swiss-Prot Release 2022_03"
"renin","RENI_HUMAN","https://www.uniprot.org/uniprotkb/","UniProtKB/Swiss-Prot Release 2022_03"
"reticulon 4 receptor","RTN4R_HUMAN","https://www.uniprot.org/uniprotkb/","UniProtKB/Swiss-Prot Release 2022_03"
"S100 calcium binding protein P","S100P_HUMAN","https://www.uniprot.org/uniprotkb/","UniProtKB/Swiss-Prot Release 2022_03"
"S100 calcium binding protein A12","S10AC_HUMAN","https://www.uniprot.org/uniprotkb/","UniProtKB/Swiss-Prot Release 2022_03"
"adenosylhomocysteinase","SAHH_HUMAN","https://www.uniprot.org/uniprotkb/","UniProtKB/Swiss-Prot Release 2022_03"
"KIT ligand","SCF_HUMAN","https://www.uniprot.org/uniprotkb/","UniProtKB/Swiss-Prot Release 2022_03"
"KIT ligand","SCF_HUMAN","https://www.uniprot.org/uniprotkb/","UniProtKB/Swiss-Prot Release 2022_03"
"syndecan 4","SDC4_HUMAN","https://www.uniprot.org/uniprotkb/","UniProtKB/Swiss-Prot Release 2022_03"
"selectin P ligand","SELPL_HUMAN","https://www.uniprot.org/uniprotkb/","UniProtKB/Swiss-Prot Release 2022_03"
"inositol polyphosphate phosphatase-like 1","SHIP2_HUMAN","https://www.uniprot.org/uniprotkb/","UniProtKB/Swiss-Prot Release 2022_03"
"sialic acid binding Ig-like lectin 7","SIGL7_HUMAN","https://www.uniprot.org/uniprotkb/","UniProtKB/Swiss-Prot Release 2022_03"
"sirtuin 2","SIR2_HUMAN","https://www.uniprot.org/uniprotkb/","UniProtKB/Swiss-Prot Release 2022_03"
"sirtuin 5","SIR5_HUMAN","https://www.uniprot.org/uniprotkb/","UniProtKB/Swiss-Prot Release 2022_03"
"SLAM family member 7","SLAF7_HUMAN","https://www.uniprot.org/uniprotkb/","UniProtKB/Swiss-Prot Release 2022_03"
"SMAD family member 1","SMAD1_HUMAN","https://www.uniprot.org/uniprotkb/","UniProtKB/Swiss-Prot Release 2022_03"
"growth hormone 1","SOMA_HUMAN","https://www.uniprot.org/uniprotkb/","UniProtKB/Swiss-Prot Release 2022_03"
"sclerostin","SOST_HUMAN","https://www.uniprot.org/uniprotkb/","UniProtKB/Swiss-Prot Release 2022_03"
"SRSF protein kinase 2","SRPK2_HUMAN","https://www.uniprot.org/uniprotkb/","UniProtKB/Swiss-Prot Release 2022_03"
"STAM binding protein","STALP_HUMAN","https://www.uniprot.org/uniprotkb/","UniProtKB/Swiss-Prot Release 2022_03"
"stanniocalcin 1","STC1_HUMAN","https://www.uniprot.org/uniprotkb/","UniProtKB/Swiss-Prot Release 2022_03"
"chemokine (C-X-C motif) ligand 12","STK39_HUMAN","https://www.uniprot.org/uniprotkb/","UniProtKB/Swiss-Prot Release 2022_03"
"syntaxin 8","STX8_HUMAN","https://www.uniprot.org/uniprotkb/","UniProtKB/Swiss-Prot Release 2022_03"
"syntaxin binding protein 3","STXB3_HUMAN","https://www.uniprot.org/uniprotkb/","UniProtKB/Swiss-Prot Release 2022_03"
"sulfatase modifying factor 2","SUMF2_HUMAN","https://www.uniprot.org/uniprotkb/","UniProtKB/Swiss-Prot Release 2022_03"
"thyroid stimulating hormone beta","TBX19_HUMAN","https://www.uniprot.org/uniprotkb/","UniProtKB/Swiss-Prot Release 2022_03"
"trefoil factor 2","TFF2_HUMAN","https://www.uniprot.org/uniprotkb/","UniProtKB/Swiss-Prot Release 2022_03"
"transforming growth factor alpha","TGFA_HUMAN","https://www.uniprot.org/uniprotkb/","UniProtKB/Swiss-Prot Release 2022_03"
"transforming growth factor beta 1","TGFB1_HUMAN","https://www.uniprot.org/uniprotkb/","UniProtKB/Swiss-Prot Release 2022_03"
"transglutaminase 2","TGM2_HUMAN","https://www.uniprot.org/uniprotkb/","UniProtKB/Swiss-Prot Release 2022_03"
"tumor necrosis factor (ligand) superfamily member 10","TNF10_HUMAN","https://www.uniprot.org/uniprotkb/","UniProtKB/Swiss-Prot Release 2022_03"
"tumor necrosis factor (ligand) superfamily member 11","TNF11_HUMAN","https://www.uniprot.org/uniprotkb/","UniProtKB/Swiss-Prot Release 2022_03"
"tumor necrosis factor (ligand) superfamily member 12","TNF12_HUMAN","https://www.uniprot.org/uniprotkb/","UniProtKB/Swiss-Prot Release 2022_03"
"tumor necrosis factor (ligand) superfamily member 14","TNF14_HUMAN","https://www.uniprot.org/uniprotkb/","UniProtKB/Swiss-Prot Release 2022_03"
"lymphotoxin alpha","TNFB_HUMAN","https://www.uniprot.org/uniprotkb/","UniProtKB/Swiss-Prot Release 2022_03"
"tumor necrosis factor","TNR1A_HUMAN","https://www.uniprot.org/uniprotkb/","UniProtKB/Swiss-Prot Release 2022_03"
"tumor necrosis factor receptor superfamily member 9","TNR9_HUMAN","https://www.uniprot.org/uniprotkb/","UniProtKB/Swiss-Prot Release 2022_03"
"thrombopoietin","TPOR_HUMAN","https://www.uniprot.org/uniprotkb/","UniProtKB/Swiss-Prot Release 2022_03"
"tumor necrosis factor receptor superfamily member 10a","TR10A_HUMAN","https://www.uniprot.org/uniprotkb/","UniProtKB/Swiss-Prot Release 2022_03"
"tumor necrosis factor receptor superfamily member 10b","TR10B_HUMAN","https://www.uniprot.org/uniprotkb/","UniProtKB/Swiss-Prot Release 2022_03"
"tumor necrosis factor receptor superfamily member 11b","TR11B_HUMAN","https://www.uniprot.org/uniprotkb/","UniProtKB/Swiss-Prot Release 2022_03"
"tumor necrosis factor receptor superfamily member 13B","TR13B_HUMAN","https://www.uniprot.org/uniprotkb/","UniProtKB/Swiss-Prot Release 2022_03"
"TNF receptor-associated factor 2","TRAF2_HUMAN","https://www.uniprot.org/uniprotkb/","UniProtKB/Swiss-Prot Release 2022_03"
"thrombomodulin","TRBM_HUMAN","https://www.uniprot.org/uniprotkb/","UniProtKB/Swiss-Prot Release 2022_03"
"triggering receptor expressed on myeloid cells 1","TREM1_HUMAN","https://www.uniprot.org/uniprotkb/","UniProtKB/Swiss-Prot Release 2022_03"
"chemokine (C-C motif) ligand 20","TRI32_HUMAN","https://www.uniprot.org/uniprotkb/","UniProtKB/Swiss-Prot Release 2022_03"
"tryptase alpha/beta 1","TRYB1_HUMAN","https://www.uniprot.org/uniprotkb/","UniProtKB/Swiss-Prot Release 2022_03"
"thymic stromal lymphopoietin","TSLP_HUMAN","https://www.uniprot.org/uniprotkb/","UniProtKB/Swiss-Prot Release 2022_03"
"thrombospondin 2","TSP2_HUMAN","https://www.uniprot.org/uniprotkb/","UniProtKB/Swiss-Prot Release 2022_03"
"thymidine phosphorylase","TYPH_HUMAN","https://www.uniprot.org/uniprotkb/","UniProtKB/Swiss-Prot Release 2022_03"
"vasohibin 1","VASH1_HUMAN","https://www.uniprot.org/uniprotkb/","UniProtKB/Swiss-Prot Release 2022_03"
"vascular endothelial growth factor A","VEGFA_HUMAN","https://www.uniprot.org/uniprotkb/","UniProtKB/Swiss-Prot Release 2022_03"
"vascular endothelial growth factor C","VEGFC_HUMAN","https://www.uniprot.org/uniprotkb/","UniProtKB/Swiss-Prot Release 2022_03"
"Wiskott-Aldrich syndrome","WASP_HUMAN","https://www.uniprot.org/uniprotkb/","UniProtKB/Swiss-Prot Release 2022_03"
"zinc finger and BTB domain containing 16","ZBT16_HUMAN","https://www.uniprot.org/uniprotkb/","UniProtKB/Swiss-Prot Release 2022_03"
